"","time","fingerprint","age","race","gender"
"1",1658153269.92399,"117898516328799a034d49d4c816facf",23,"White","Female"
"2",1658153705.39287,"d10db9594b64970464d5f0c856c8d788",24,"White","Male"
"3",1658154469.31282,"aecdfefd170d122964a9bada654a6ca1",29,"White","Female"
"4",1658154550.1967,"06bd90e736b7fa0fc5e020f2054f08e5",29,"Hispanic","Female"
"6",1658154671.24847,"ede71e6d5f864ccc40b9d6322772c0b2",38,"White","Male"
"7",1658154716.1933,"06bd90e736b7fa0fc5e020f2054f08e5",NA,"Hispanic","Female"
"9",1658154975.81494,"8ff768f197ccc0252879f6b2beb90c07",38,"White","Male"
"11",1658155096.65236,"e9a6a97d9a8a91a4b682dd7329ae25eb",29,"American Indian or Alaska Native","Female"
"12",1658155208.87589,"062f1fb0c619e69b69fd08bfb2bf3085",35,"White","Male"
"14",1658155288.49114,"67aa1e9b1498ce5be88a400f84c03109",57,"White","Female"
"15",1658155291.88662,"e38f2811b8da98348c9540973d62ba7f",38,"Black or African American","Female"
"16",1658155310.6883,"1cab966fb3dc150c4c65693ef5e71ca5",20,"White","Female"
"17",1658155314.13693,"84d1eb12361a30d66a02c779e6d01613",61,"White","Female"
"18",1658155343.01484,"609422e9d3254f6bd03046a61803f861",19,"White","Male"
"19",1658155360.02989,"b4f0fd448b1309ea55a85b72b9355497",37,"White","Female"
"20",1658155376.56594,"99e75bff8ae9af9101b5ca3a8442b5d4",33,"White, Asian","Male"
"21",1658155458.2611,"e21e063dd5e7b72cb985d49d4252424a",59,"White","Female"
"22",1658155483.72591,"770ba921ab011e852867c4102d01561d",NA,"White","Female"
"23",1658155659.78282,"8ff768f197ccc0252879f6b2beb90c07",39,"White","Male"
"25",1658156025.59357,"062f1fb0c619e69b69fd08bfb2bf3085",35,"White","Male"
"27",1658253718.77491,"9cbc93f0247f91aef7f57a6c508dd3eb",58,"White","Female"
"28",1658253817.48319,"a275779ae0a24a4d9167bf0804e8f236",18,"White","Female"
"29",1658253860.20428,"d562ff5e58b6b2ef316df7f9fc386e08",27,"White","Female"
"30",1658254034.33836,"969e9c60f262eef074d4c3f8fcc84ced",29,"White","Male"
"31",1658254272.23574,"501dc94d79deb9d07c3176258bd27acc",55,"White","Female"
"32",1658254367.14364,"141576d43808479b2c257f0c4484a7f5",35,"White","Male"
"33",1658254517.84545,"9330bd66d0ad930e012aba0d34d18447",20,"Black or African American","Male"
"34",1658254687.19504,"0db40b4cf90889876e0df6585988fbd3",27,"White","Male"
"35",1658254696.99814,"e6728936c5942ea8b00fbb91aa49a04d",34,"White","Male"
"36",1658254847.58558,"3cfcb4f3a526ba113358568d5c765910",43,"Black or African American","Male"
"37",1658254889.92551,"9a6619e8b24be96768de5833cc1328ed",24,"White","Female"
"38",1658255072.5477,"2c1764a3ce379c93bccbc399d66483ea",65,"White","Female"
"39",1658257905.35125,"0c17d92cac6c75a78c4667cd1dff541a",22,"White","Female"
"40",1658258006.81023,"263910dcef76341007f8e06c726ed8e2",29,"White","Female"
"42",1658258201.67207,"125d542be0219f7a6d2b3550b44643b0",21,"White","Female"
"43",1658258434.11026,"cee6a6db748d3ca0f9e6a5ba0319566b",38,"White","Female"
"44",1658258438.75408,"0f6958f94e28af4547782f4c0e41a030",36,"White","Male"
"45",1658258449.07511,"6903919fbe8f64dd2f218efa939e82a0",32,"White","Female"
"46",1658258583.92298,"263910dcef76341007f8e06c726ed8e2",29,"White","Female"
"48",1658258598.19087,"aedf41d98c43d093098e5448b0ba6d4b",20,"White","Male"
"49",1658258835.89988,"4957363c2be17346550c399387edc34a",30,"Asian","Male"
"50",1658258962.71909,"b746dbefe3411e61e1d0de37907d8bac",53,"Black or African American","Female"
"51",1658258997.14237,"6409856ae269410ca57c8464d85ae898",22,"White","Female"
"52",1658259114.57724,"f8d3d4bab591ebab55a2825b09f1f9ee",53,"White","Female"
"53",1658259190.65492,"33455ac5c5095fb9d8c709542a723684",25,"White","Other/non-binary"
"54",1658259222.49219,"1de63e5f0c1f802c0a1617eb66878b8c",25,"White","Female"
"55",1658259231.01709,"202872a7d2221e4fbf3a56ee50560c90",26,"White, Black or African American","Female"
"56",1658259364.29412,"755487b12278814f8b394b722528b1c6",47,"Other","Female"
"57",1658259368.94461,"10b358f641cc227cea79f263a25c9eda",22,"White","Female"
"58",1658259375.25126,"48d5b309f8bd4fa44a445526c7ef0e04",30,"White","Female"
"59",1658259393.73826,"0c3a2ded9be5aeb201bd77c30b76230f",73,"White","Male"
"60",1658259447.16484,"d573f2b79ec7efa21235304290618ebf",0.2,"White, Native Hawaiian or Pacific Islander","Female"
"61",1658260385.44969,"51f0af1eabc4b6b9be60a27499037419",49,"White","Female"
"62",1658260593.28591,"552820bc7f7b286aaa763cfcfff5093f",29,"White","Female"
"63",1658260789.4655,"d0336070883b6c9cc1392f6d1ed59335",32,"White","Female"
"64",1658260798.18165,"11aad27692ae89543370f32a6099648a",33,"White","Female"
"65",1658260858.40482,"a6ecdbece6886fb26e7fd998e4bd0d46",23,"Hispanic","Male"
"66",1658261051.69949,"d09211266441c518bef8f34d4b337304",22,"White","Female"
"68",1658261118.02774,"b2dfffd8a116ef7503f6d9c33ad572d8",52,"White","Female"
"69",1658261183.81572,"f9645c793422817cac8599970c07826e",24,"White","Male"
"70",1658261210.42034,"65a22e4152137c22e2090b78b9470372",61,"White","Female"
"71",1658261266.24146,"a8885c7adfbb50f00244ac9080242f2a",22,"Black or African American","Male"
"72",1658261287.66518,"8d503b40d1f9c052b642f728ccfe5899",19,"White, Asian","Female"
"73",1658261339.37319,"70f047293eeab875276c43754a0c0e66",26,"White, Hispanic","Female"
"74",1658261389.64508,"e564e8ae2a91e83d2eb2baf75fbf0384",NA,"White","Male"
"75",1658261567.774,"625b3f497f484b63750b5748418abe0a",31,"White","Male"
"78",1658262065.60313,"625b3f497f484b63750b5748418abe0a",31,"White","Male"
"80",1658262765.46875,"52b0407d0c42c8cd3fa72fad7d74400b",22,"White, Hispanic","Female"
"81",1658262827.45623,"8ce5e720650c2dbe7bb808882b33c1a7",58,"White","Female"
"82",1658262892.60341,"0a828fd9bf5b06268cb0956fa65540ef",28,"White","Female"
"83",1658263124.39677,"9f4e5eadc4b79616d03d4e3319a14f28",21,"White","Female"
"84",1658263188.80588,"5686dfb8bdfb2301bf532777a3dbf6f8",28,"White","Male"
"85",1658263270.65119,"734f94f76fd6f7647d141bd59caf417a",24,"White","Female"
"86",1658263303.21165,"d75f7d347b8969b595ae8a949f4c0bee",32,"White","Female"
"87",1658263636.90107,"6a69f12f408bd9072b710c1f7e597d18",21,"Asian","Female"
"88",1658263722.83043,"a858f2458427b64d0ac24dc6b5d32a14",36,"White","Male"
"89",1658263740.00945,"681b0cca4e172925406035b3f143da03",24,"Asian","Male"
"90",1658263775.96783,"55ab680aba68335910fe4fb0bebc28cc",21,"White","Female"
"91",1658263833.43901,"6e698ada041accf4dce470bafedb968b",37,"White","Female"
"92",1658264070.35966,"d2e08ba98377e9b1b6c32c6d80673efb",18,"White","Female"
"93",1658264082.0991,"6831cd2c76e82038a34155d775852e96",22,"White","Female"
"94",1658264107.49877,"e5708e26307a54468076c01436f84088",NA,"White","Female"
"95",1658264157.70343,"c792afea0785320fd7ca4d08fc27e079",19,"White","Female"
"96",1658264269.16604,"9da4a4d59c5df0fb35cedb11871b206d",20,"White","Male"
"97",1658264279.69833,"e326dec83876cc652a052c9446456a8f",NA,"White","Female"
"98",1658264439.07238,"7804c5e4ab16ff5c5d504b3d360fd2cb",61,"White","Female"
"99",1658264497.91511,"fc2ce45c222ded9a56fb2f720df22584",24,"White","Male"
"100",1658264560.50171,"0aac432da11f3e6d5656eb7bfada1861",30,"Hispanic","Male"
"102",1658264656.68884,"f565a85fe5ae914efc16bf6c57ecc46c",21,"Hispanic","Male"
"103",1658264668.87657,"06475dbfa98aee278e1b1bb181c6a939",42,"White","Female"
"104",1658265060.68415,"9f054c84565831f09c62d9d97963b713",29,"Asian","Female"
"105",1658265071.52217,"0aac432da11f3e6d5656eb7bfada1861",30,"Hispanic","Male"
"108",1658265086.62794,"3e5cbed69173c3298611593ccc4cf01f",21,"White","Male"
"109",1658265101.51946,"3499c550f2799efc9361048586e8376f",37,"White","Male"
"110",1658265217.01349,"6e196d319f8bdb53c25b0c8c25fef212",32,"White","Male"
"111",1658265249.67469,"6ebd2cc8c1b832fb5c820ebef935d42e",25,"White","Female"
"112",1658265305.12044,"16279268d5423713dfcc9d692157d912",28,"White, Hispanic","Female"
"113",1658265320.56263,"6ec1b1c9266dcf252e5236d0bc404776",43,"Asian","Male"
"114",1658266144.41363,"16279268d5423713dfcc9d692157d912",28,"White, Hispanic","Female"
"115",1658266265.0736,"6ef6ae60e5543a620ff3bd865755cb7e",22,"White","Female"
"116",1658266266.39664,"8889a076c45548132dfb788945425f38",21,"White","Female"
"117",1658266342.57214,"5c0c3c4e6589cdeb71d64c5aa829ebea",24,"White","Female"
"118",1658266381.43996,"afa11007660b1c4569366e5ce840acfd",NA,"Asian","Male"
"119",1658266410.9673,"2d20250f085c82eed95b17a1825ca080",24,"White","Female"
"120",1658266430.3937,"5cc2a916198a8079e1556a82f4ebeb1e",39,"White","Female"
"121",1658266441.69435,"04fdfea89aa26371678380a6702b3aea",37,"White","Female"
"122",1658266676.7387,"1e9ed5b625e61f104fe7c3453a8470c2",48,"White","Female"
"123",1658266739.80445,"4eee6112c1a688ece3f12fff487e105e",31,"White","Female"
"124",1658266882.99124,"45bc2cef2623be90af501c342fe09fd7",24,"White","Male"
"125",1658269774.68637,"48e9fdd74931e927ca0af4791dc1ea79",25,"White","Male"
"126",1658320129.7991,"aa9533aa8f5098473e0afb8c49b06509",39,"White","Female"
"127",1658321001.29739,"7807df15790725c0862111e726ac5874",33,"White","Male"
"128",1658321144.25643,"7a2033d15fefe61ae35bd765c401303d",57,"White, American Indian or Alaska Native","Female"
"129",1658321193.50946,"5822caf020846720765020aa313cfd62",39,"White","Male"
"130",1658321265.32464,"c61530964514909afc4e90c799f2caf8",NA,"White","Female"
"131",1658321393.65438,"8f285a765da682ab2f140354cd2ee221",21,"Asian","Male"
"132",1658321551.74478,"630bd2fef3ca60ce9a0ddc246e5dedf6",22,"White","Male"
"133",1658321707.45853,"8df406b3b6ee44f5cd82fd84c70f7c46",35,"White","Female"
"134",1658321772.78822,"58957e223b9a8d65be1069d46af8fd28",76,"Black or African American","Male"
"135",1658321879.28523,"3e12103e7e65ef7d753ca53b45921c35",56,"White","Male"
"136",1658321879.5207,"917cacf464ee4dae7a33deee5e6b5ff9",73,"White","Male"
"137",1658321989.95675,"2a851bbaa2f9d8908ac3baeb1266e941",27,"White","Male"
"138",1658322063.27147,"e7f5429e49dbaeedc95fb8ce768841c7",58,"Black or African American","Male"
"139",1658322093.39258,"14f85b5b548e17aa84e960e9b6c766a4",65,"White","Female"
"140",1658322114.94193,"7f89390aa4c9b0e4d676bb5ff5c313e3",31,"Black or African American","Female"
"142",1658322344.37452,"cdf2b9366787e7625b22167ebd420da7",32,"White","Male"
"143",1658322413.29467,"4b1f7e9e5c29642bb2c45e8f027effcf",28,"White","Female"
"144",1658322422.76231,"9bef2a9ba0a8847b1d854041b5657ced",37,"Black or African American","Female"
"145",1658322481.17427,"b20aa732e06842e56bd3f3b4173dc436",25,"White","Female"
"146",1658322878.73363,"697d678ea2d2c14122e62f548c9cd094",49,"White","Other/non-binary"
"147",1658322944.43266,"7b5a14bb609409751213806770099c6a",25,"White","Male"
"148",1658323011.93697,"a2bf766343822c1c486819a4f9710ce5",52,"White","Male"
"149",1658323066.25677,"48189a737e867783cab222628c003a05",32,"White","Female"
"150",1658323122.91797,"bea4e780a88fefbd15a50cbc254b9218",33,"White","Other/non-binary"
"151",1658324127.78012,"c9a722545db3546ea40b13dc0b9c4254",39,"White","Male"
"152",1658324421.98444,"a678a4b0c3a3c3aa2fd11cb6a0e8ef6e",NA,"White","Female"
"153",1658324434.92492,"21df59a6368ccfa6232cf443f265413d",51,"White","Male"
"154",1658324478.31025,"b8b7972f5f14c1db5fa6b3f287243cb1",27,"White","Female"
"155",1658324524.98153,"08b825057bf29036830ebce974675527",47,"White","Female"
"156",1658324579.16509,"38d46e878fc358a476a59e31a6e3b0bb",30,"White","Male"
"157",1658324597.29851,"fa94007195bee9b226bc4dffa593c8eb",29,"White","Male"
"158",1658324831.41495,"aacdcb7f0e97d7132a512b10b64e5631",60,"White","Female"
"159",1658324852.13359,"930cb2b17cc7f481fbce02ba2ba7f780",47,"White","Female"
"160",1658324867.7401,"9dec1ba62debc5cbe097e06e5038b2ff",39,"White","Female"
"161",1658324871.28561,"d10db9594b64970464d5f0c856c8d788",29,"White","Male"
"162",1658324873.58884,"a9478aad4eefe2901f1d0b0a37d6160f",45,"White","Female"
"163",1658324917.59753,"55ee88b3c5ade41dc72c1d29f4129bca",59,"White","Female"
"164",1658324942.87065,"3ea2c991d04f65bf3cc4685117b5f640",61,"White","Female"
"165",1658325791.37768,"e4552fa0aab7bfc2a85e417f1b94a5b3",32,"White","Male"
"166",1658325856.28156,"53f86fe6dc83ffabcde647d2a14eae02",30,"White","Female"
"167",1658325902.13967,"e74cab9beff673a6dc7d0ae47ec2b0f7",55,"White","Male"
"168",1658325951.62428,"558754dc05a21bdc90830343e8ed5967",NA,"Black or African American","Male"
"169",1658326116.3273,"e83f2b25d7604ac28a28219ab10ccbd3",58,"Black or African American","Female"
"170",1658326118.58204,"50491a715bb2c8f1f79e2a9472341e25",51,"Hispanic","Male"
"171",1658326163.86952,"8b9aba96363aca8a0050ead3f75eacc9",36,"White","Male"
"172",1658326174.87771,"bca200d69a398bfccbadb23e71b3efe1",28,"White","Female"
"173",1658326212.53417,"7999e6838a6a5ce24c4455114b22b21f",NA,"Black or African American","Male"
"174",1658326262.27278,"036bbda3348a536b1c74c79455cb61b8",40,"White","Male"
"175",1658326267.85115,"bac744abc40332efc2ec7573ce0cbe6d",NA,"White","Male"
"176",1658326329.02401,"0999d3e11bc533a603a701a66a9f9c35",32,"White","Female"
"177",1658326505.88269,"1d0279d90658c6d83f85dc64859f4878",34,"White","Male"
"178",1658328052.21028,"15419cea877235709afe9c355cb7afce",61,"White","Female"
"179",1658328096.26047,"3d3ab949a9f38f47ce704df005311b9a",NA,"White","Female"
"180",1658328352.00133,"67b04cc046ac53a9a3718cc3779f8c03",NA,"White","Female"
"181",1658328389.85061,"a7b17446f9a8757e2495f22badf1ad04",54,"White","Female"
"182",1658328474.35531,"4573c6dd3617edbb2d408cff8bbc49cd",63,"White","Male"
"183",1658328533.2502,"6ca8b7bfa6d8d3bfcdf4fc5f8b2f0e7c",31,"White","Female"
"184",1658328560.12934,"a4fa001e60adb471b0d09aa10ea1ff33",NA,"White","Male"
"185",1658328580.79778,"75c7fc5ca00203ff593c0f3c6c9aa028",39,"White","Female"
"186",1658328917.92399,"5d3c76c950ab4ccc582692127c7b95be",NA,"White","Female"
"187",1658329062.37738,"fbe1b4559c63d1d9f4683a08172d08f2",56,"White","Female"
"188",1658329202.46242,"987bb63018a9038c7baa0636d0ce14b9",NA,"White","Male"
"189",1658330273.55984,"6831cd2c76e82038a34155d775852e96",24,"White","Male"
"190",1658330628.99144,"a68cf1a284189a8c0379ab9062a3ac6c",75,"White","Female"
"191",1658330738.50178,"b367b9d2a3ab78b8e2afdc15ce6dddc7",31,"White","Male"
"192",1658330893.83191,"adefa5970fd29c3b906ac29c4e9abf10",29,"Asian","Female"
"193",1658330955.07023,"06c88a632ab10127f24789505dcb7865",58,"Hispanic","Male"
"194",1658331013.83032,"9933873c12e16fc900f5727ae2802638",NA,"White","Female"
"195",1658331436.07687,"75e1e9124683c2ac7f881b19ded83be5",78,"White","Male"
"196",1658331593.21885,"b604fa81c1def9e042dc061c204e5a0b",32,"Black or African American","Male"
"197",1658331687.68881,"5939d0880616bda5786d9cb71eb57f79",40,"White","Female"
"198",1658331902.87969,"66dbbd5c6aa0f96c2bcbb901e4bf536f",28,"White","Male"
"199",1658331954.32688,"8ba97554365c92c43f13bcc50ef6ba8a",38,"White","Male"
"200",1658332033.9616,"b672aaab9a36c8e923ddb8206d2650d7",22,"White, Asian","Male"
"201",1658332096.70494,"4bf462cf0df3e6d8acb6f512ab4ef97f",64,"White","Female"
"202",1658332104.50277,"8813cb70907162059a674e196567f9bb",33,"White","Male"
"203",1658332127.86524,"28219119841ca168e0e1b127034dff96",26,"White","Female"
"204",1658332132.0289,"0d210f7ba2c885d36f94a63092078837",58,"Asian","Male"
"205",1658332964.59893,"b1ca88c3c5a7d5f2a27a5a65bd3f1970",58,"White","Male"
"206",1658333156.69041,"b4ac310b83f8b41e3c7b89fad03b3a91",50,"White","Female"
"207",1658333183.75679,"65ba697c17bc9fb0535956b5ee76b12e",NA,"White","Female"
"209",1658333186.28272,"713ab57a1d4a285e8d94852c214eb5c8",26,"Asian","Female"
"210",1658333191.1052,"dfb7e263a1f879fd70db4855eb08b440",69,"White","Male"
"211",1658333331.41518,"642d497661c84dac328438a2bf0709e4",37,"White","Female"
"213",1658333361.07647,"9fdb4606e9836956dca30114ef3e646f",28,"White","Female"
"214",1658333375.52429,"f7cffd28a71399710dda7b4e77937be2",33,"White","Female"
"215",1658333443.15969,"fd4e13d85b0647c8bf52a5c586d01154",27,"White","Male"
"216",1658334324.3518,"c89c26a2a207e5bd31823ddaa8c14cae",NA,"White","Female"
"217",1658334367.31085,"61b10d96866dfbd361c4fda4635097e8",32,"Hispanic","Male"
"218",1658334395.01864,"76a7897bf371dff1db8b56e496b26644",50,"White","Female"
"219",1658334401.1055,"18437cb315aa8b7efe8d32970680f5ea",28,"Asian","Female"
"220",1658334416.06583,"749b82dc03550e56434120ac35c7961f",26,"White","Female"
"221",1658334469.68471,"642d497661c84dac328438a2bf0709e4",37,"White","Female"
"223",1658334499.78171,"42a472eaad328b4c926ca01bd0fcdeb2",31,"White","Female"
"224",1658334589.90923,"9ba314fb4f9096dcbe36655593d2d103",66,"White","Male"
"225",1658334631.10511,"a694daec8db38c9e89fa1ca6e3ee2fb4",30,"White","Female"
"226",1658334662.67257,"ae8c5e1ee8007c385710ff3e6be70e8d",39,"White","Male"
"228",1658334809.28143,"a0e0d37341b45ac88269c2006ee170d6",21,"White","Female"
"229",1658335926.77229,"669f58b1da5697a655b60a7561168664",18,"White","Female"
"230",1658336092.13099,"05a9627a283c6117f75f17ad56b8c419",27,"White","Female"
"231",1658336242.70803,"021107192751c2317814f961002f8ec0",32,"White","Male"
"232",1658336290.43709,"e063ebe4adbf7fdc0830f617ccdafb04",22,"Black or African American","Female"
"233",1658336299.22994,"dfe0d8a95366abee4f42873ccf9dee13",58,"White","Female"
"234",1658336303.36872,"9a8d404004cc2e3e96e177e93965fb43",60,"White","Female"
"235",1658336361.42163,"a25fb93bc85790842fbbc20fb33f439c",20,"White, Black or African American, Hispanic","Female"
"236",1658336365.4493,"a7fe769eeea9144752c62c43ff9100f1",28,"White","Female"
"237",1658336411.88169,"75239f1d55a2a66ab61b7923decacbb3",24,"White","Female"
"238",1658336437.22875,"d7159992a2f46a950ba3cc630661b1d8",74,"White","Female"
"239",1658336760.23332,"2b4fde7ba9a697f9ef9c27009e5257f2",30,"White","Male"
"240",1658337476.02294,"93e29f7d3abd48d92a13c8510b61a988",25,"Black or African American","Male"
"241",1658337544.03536,"7387663eca6ba5161d1c58711dd65164",34,"White","Female"
"242",1658337616.62805,"f74b0ddc0ceb951c0493b477c18372f1",21,"White","Female"
"244",1658337688.12508,"8cd69828db08d60ae17d9887106a7552",27,"White","Male"
"245",1658337906.80715,"9a0790bce63401a11740661b2dd6d03b",41,"White","Female"
"246",1658337913.76831,"47b5f3fc179c41d9847e3bf649af507c",23,"White","Male"
"247",1658338337.99717,"bfd88885871caf0d4538b21e5ee4bb62",44,"White","Male"
"248",1658338458.92072,"fd0f0993dd270b06239e68968341b26e",26,"White","Female"
"249",1658338511.61913,"d73f8ad4066476f0a62ad618dbb5fa46",19,"White, Asian","Male"
"250",1658338512.23377,"9dac03973782e42d98eb8caccad097f6",52,"White","Male"
"252",1658338740.57231,"884b10b7f29d1a66036aeda44bc65cad",35,"White, Black or African American, Hispanic","Other/non-binary"
"253",1658338766.70316,"65ba697c17bc9fb0535956b5ee76b12e",NA,"White","Female"
"255",1658338798.06105,"8cd69828db08d60ae17d9887106a7552",26,"White, Hispanic","Female"
"256",1658339842.84607,"8d5ac700e4a8858158154d570295eb34",28,"White","Female"
"258",1658340149.78033,"3ea2c991d04f65bf3cc4685117b5f640",34,"White","Female"
"259",1658340252.95493,"09a8011a910cb7278e531b4b7ac28ab8",36,"Asian","Male"
"260",1658340312.18115,"d1c89dae82b5e0e0f11c7d9929e6dffe",60,"White, American Indian or Alaska Native, Hispanic","Male"
"261",1658340326.02803,"f74b0ddc0ceb951c0493b477c18372f1",21,"White","Female"
"263",1658340449.44914,"7b855079a65bb867b67fb837566c689e",35,"White","Male"
"264",1658340520.59467,"258a2a272296db9937cdddccf546a96d",45,"White","Female"
"265",1658340593.7309,"84491f5bc0189087d8ff0b08f0fe004d",26,"White","Male"
"266",1658340596.04848,"a81f0e6a1fefc4c528a3119ff4b7b09f",21,"White","Female"
"267",1658340736.98121,"e55940381f5ed020ed477ca19dd64011",33,"White","Female"
"268",1658340808.7758,"71ba873545ab1fea80d8f341a25ff11a",26,"White","Male"
"269",1658340849.71857,"a31f74ef9d47e351414aa3f940817a9c",28,"White","Female"
"270",1658340855.25188,"468353e7f040b50d37ba7d5f9f5a0c37",31,"Asian","Female"
"271",1658340973.44882,"542d4e07d66965a10f4030f40bc994f7",62,"White","Female"
"272",1658341227.75333,"9dbb86cd97930b49653aca1bd3043766",63,"White","Female"
"274",1658341596.92893,"8b7f56867c805d6dc3eb08c092cb6196",34,"White","Male"
"275",1658341779.92672,"8e0b273fb8a4b5ce84840a363913fb65",39,"White","Female"
"276",1658341953.63573,"a756b1aac5822924e7c48ac9f8398d5e",53,"White","Female"
"277",1658341976.29204,"3139a9029fa35b9761625736885772bd",52,"White","Male"
"278",1658341991.27277,"020f5552b80dd6b3544c1b250370d8eb",NA,"White","Male"
"279",1658342041.4976,"77a38c717f9123822c891be4d9fdc9bc",63,"White","Male"
"280",1658342061.73756,"ac460854c3914feb2de60ad6f85a150e",32,"White","Male"
"281",1658342621.73194,"9dbb86cd97930b49653aca1bd3043766",63,"White","Female"
"283",1658342674.61012,"9dbb86cd97930b49653aca1bd3043766",63,"White","Female"
"285",1658343353.38047,"57ea908dc84096f54efcde417a295b2e",24,"White","Male"
"286",1658343550.77347,"0ca328e56e1d6f48e25b1b9860607b8c",NA,"White","Male"
"287",1658343619.46669,"ad41fd836b709bd7ce1bd4f4f45d43e6",24,"Black or African American","Female"
"288",1658343652.10212,"bb8ac367fbb10d8e16a95704c2086176",27,"White","Male"
"289",1658343739.1481,"6dfeac78e2fa2034207eb040feb6e5e2",47,"White","Female"
"290",1658343771.53394,"6c639eb3e6b96c220b6d12e32f366525",24,"White","Male"
"291",1658343772.81243,"7fde2e18ebd74c7f7db59e71f291b341",28,"White","Male"
"292",1658343870.9274,"b87649de9d8149158763d1cf1d46d307",49,"White","Male"
"293",1658344014.42671,"cf863a69646d3749513ca8819c595ac3",52,"White","Female"
"294",1658344254.43618,"f9bf6895e2590714ca1127785b7e9bf1",38,"White","Other/non-binary"
"295",1658344271.10142,"5e240d0533a53896f5f755b8ea3ccc85",52,"White","Male"
"296",1658344317.68467,"1150c7a9de23d40b6c724c02676184f3",25,"White","Male"
"297",1658344383.7726,"e8313ee7b3f8c034953bec4cf8bf0a00",32,"White","Male"
"298",1658344386.69287,"6c53b8241bfca3d436ea3396d5aac8bd",NA,"White","Female"
"299",1658344469.38801,"17b2d405d82c773abeefd12dbb8e27e6",55,"White","Female"
"300",1658344497.34219,"1a2a7c562430087b5c073380056cac92",41,"White","Male"
"301",1658345998.14464,"8f3461a7aaf3cbd877a38be6159c18df",25,"White","Male"
"303",1658346136.17203,"fc723a30cb6fea876ae0aa75decedf89",44,"White","Female"
"304",1658346181.33673,"c61ff9b41e7f63104e06ee6ac9fcfb9b",22,"Black or African American","Male"
"305",1658346318.69469,"0672c63c7b13041cb65ee2c082f543c4",32,"White","Male"
"306",1658346422.91818,"e7717a24b5d9b330b5982e108e2af479",39,"Black or African American","Male"
"307",1658346685.41714,"8f3461a7aaf3cbd877a38be6159c18df",25,"White","Male"
"309",1658346804.56399,"0162b11a52343e5544dfaafa1a06ca68",38,"White","Female"
"310",1658346871.40536,"b68b6a936136a57998579d26d1cd3ef7",20,"White","Male"
"312",1658346968.87414,"9f6720058571fdeec8ed65abdc100fd2",49,"White","Female"
"313",1658347048.80218,"990cf85db0b89429b72372db08e3d70f",64,"White","Female"
"314",1658347121.24034,"2d849fd098873d50c02da1496ae1bc14",30,"White","Male"
"315",1658347433.36599,"971908f33186077f5519b65d17ee82f3",NA,"White","Male"
"316",1658347460.25345,"449b34a88820deca7a35af5dc2cd6720",NA,"White","Male"
"317",1658347485.03889,"a5774f440c93c0b1e0906e38f9c481cd",28,"Asian","Male"
"318",1658347488.9416,"36aadedc5171a7c01494aa426cd485c7",28,"White","Male"
"319",1658347515.38116,"515c93955df6d0d96ddeb72e694b42bf",38,"White","Male"
"320",1658347616.81422,"149f4624ccba37724fd2a4cf92abeb76",58,"Black or African American","Male"
"321",1658348229.14293,"df5b29f1114f623900234a7d4941e0ce",35,"White","Male"
"322",1658348247.15771,"609422e9d3254f6bd03046a61803f861",44,"White","Female"
"324",1658348309.32505,"e4eeb431cb89e240916812773e49bb0f",23,"White","Male"
"325",1658348452.52488,"19980704e9cdf67839f5c88de80e0ac1",24,"White, Hispanic","Male"
"326",1658348617.66479,"a10e99d71293f21b68ba76adc7c11181",33,"White","Male"
"327",1658348649.88974,"609422e9d3254f6bd03046a61803f861",44,"White","Female"
"329",1658348686.83589,"43e86767a747686484de93dd0460ec91",NA,"Asian","Female"
"330",1658348798.08553,"4ba4ccc47d0a2b7c6a454f7055410c06",54,"White","Female"
"331",1658348809.24713,"1e8de4d8f70c1134f4c9315ab41b2b9e",47,"White","Male"
"332",1658348883.91584,"12fbc05a5acbf8efadbc5b8d727b9487",57,"White","Female"
"333",1658348906.71606,"4195de8618f2343d139487e292fb23a3",19,"White","Male"
"334",1658349897.46956,"45b0d9da10b73d21e91f3dfd3380fd75",38,"White","Female"
"335",1658349925.46775,"e257b1184bc541a26d4d3034a7705608",33,"White, Hispanic","Male"
"336",1658349942.97173,"6afb45e54fb72d5860b7a6c104b17a2c",26,"White","Male"
"337",1658350022.45885,"78a9a22934d18372535c9598e134b2a2",45,"White","Male"
"338",1658350060.03874,"de4e63d0b6ae497820f539ea82ac9b6c",35,"White","Male"
"339",1658350191.97001,"e2071980cb5eb873da60aaf511abff95",38,"White","Female"
"340",1658350285.79462,"47b211f220e4706d17945cd561498084",NA,"White","Male"
"341",1658350289.99508,"aa2a21373f3ee60d3bd4657c5edba678",45,"White","Male"
"342",1658350459.05506,"1046242071fcecc9792cef78226c62c9",27,"White","Male"
"343",1658351409.53578,"a0fc4dcc062abb2ec5860928e04c6313",36,"White","Male"
"344",1658351651.75971,"5134989ade00655f0006022ead66ff9f",49,"White","Female"
"345",1658351752.48386,"1d5e7e29784263d5014bc4dd6ab50aa6",34,"Black or African American","Male"
"346",1658351794.54912,"1b54c94ca08a766984ac0c8ea064c20b",18,"White","Male"
"347",1658351806.59641,"aaad065f4d653133760c3091a1447d9e",51,"White","Male"
"348",1658352530.24367,"fd3661152476f34664a9de80cab112d4",55,"White","Female"
"349",1658352615.61333,"b3feae6f96f032a44f3fc9fcfb90b57d",29,"Asian","Male"
"350",1658352661.30689,"5f12dc8d208df8bdb4ec370759b22517",46,"White","Female"
"351",1658352908.86647,"d7f1d5636ae0d1df5e122c3e158ca8ef",64,"White","Female"
"352",1658353118.31233,"106681079847a7f5225e3e90a0f369d1",49,"White","Female"
"353",1658353260.86722,"f21f1573b40fd5855956a964088b88eb",61,"White","Female"
"354",1658353364.93596,"aa364e9c0626ee8850e2b35182ea27b6",48,"White","Female"
"355",1658353471.63982,"f569b4252049d94988cdcabc2b7157c8",23,"White","Male"
"356",1658353623.1126,"214714ba076ba5bcb33ad6ea98ee982d",36,"White","Male"
"357",1658353758.76828,"75ff42afbcc4320314ee284296f18a20",27,"White","Male"
"358",1658353837.84432,"a7c99ac1cb59436f7ab3754ab7fd2d6f",25,"White","Male"
"359",1658354093.14775,"d47b162c705de2474150e3bd07000366",34,"Black or African American","Male"
"360",1658354558.87339,"0fb351b19355bf3b86d82d0e40e75fdf",27,"White","Male"
"361",1658354871.45108,"8c587059c77f94a28c592d8ba132a8ab",21,"White","Male"
"362",1658354933.53603,"943ad902f437868979f3831b1864eaea",58,"White","Female"
"363",1658355221.98787,"80bb3c988f2b1d77957d1fb2e867035c",19,"White, American Indian or Alaska Native","Male"
"364",1658355222.92686,"b58a5c4db37319da44a9edc476a1e980",50,"White","Male"
"365",1658355324.07706,"4564ce4f2dd1abe108237dcf95889e36",21,"Hispanic","Male"
"366",1658355530.2169,"ea0a2a7edd3680d583f834162b5ee89f",61,"White","Female"
"367",1658355756.95273,"e2f56297dbb129f02513af49f4a35a79",39,"White","Male"
"368",1658355798.49658,"04728bd3d9d94017920e807f240ff339",57,"White","Female"
"369",1658355816.07837,"d9023adbc0ea01940065a650e142bd60",50,"White","Male"
"370",1658355908.77894,"9a66249b836097cd2ed1f4a64ca44471",47,"White","Female"
"371",1658355939.56926,"470eb8bfc52fbae92bdcf20a5ee8249b",51,"White","Female"
"372",1658356050.04495,"9515f75d3676abf5ac48a9c866646dad",43,"White","Male"
"373",1658356058.34721,"9eb873fc99b32df458f20525b9edd5e2",64,"Black or African American","Male"
"374",1658357362.84208,"9a6e6cbfefe44f26ece8507b06a96a37",44,"White","Male"
"375",1658357377.54187,"7ba3e24609e4c624207d11832ed10502",44,"White","Female"
"376",1658357756.59913,"2d1f57308a26ad18c93d9d710a86c456",24,"Black or African American","Female"
"377",1658358035.47612,"34ca35931b5134ee1631e980e2ffd72c",32,"Black or African American","Male"
"378",1658358095.7158,"1ae7b812a51566134cb5994be40f9ddf",53,"Asian","Male"
"379",1658358214.04119,"50233134d6ebeeadc7d02e1beb20c095",22,"Black or African American, Hispanic","Female"
"380",1658358285.0312,"353d2d29b6bd40183f5f30af9bb8ed5b",30,"Black or African American","Male"
"381",1658358371.66633,"b32867041d9c0b8d5a2102b45b2cf89f",46,"White","Female"
"382",1658358709.2658,"c8d2e9f86168486338c7a66bc9075be4",52,"Black or African American","Female"
"383",1658358711.17872,"887522c818321755ffffd308a21bb9d0",30,"Black or African American","Female"
"384",1658358768.99278,"c1ad0269a2b60aef540446efe0c72f03",63,"White","Female"
"385",1658360087.92505,"1b2be54363a508f0bbf4db90df852c1e",54,"Asian","Male"
"386",1658360372.69507,"2ef68a62aa632b33a8aaa15e20462a7c",42,"Hispanic","Female"
"387",1658360382.12588,"3c42c0eafe70e37c06ee39b4bfb71413",37,"Asian","Male"
"388",1658360447.42919,"c9a9c6d11346bb3bf2ab4d64da58d2f3",59,"Hispanic","Female"
"389",1658360660.17683,"901b3f1ca9cff2ff2c72a6201b3ff757",NA,"Asian","Female"
"390",1658360705.1065,"2f68e4e037a32d63270e83253d954e97",49,"White","Male"
"391",1658360734.40296,"341b6761f3b9569593b5299db24b04c9",59,"White","Female"
"392",1658361860.56517,"4d4a9f7a25fc99608fed934207398498",40,"White","Female"
"393",1658362053.59796,"e35f72b4184ba7b960613bc8c9b8cddf",26,"Black or African American","Female"
"394",1658362077.1703,"2a6709ab950c1fec6d8e2d33357af9f2",72,"White","Female"
"395",1658362129.4972,"d058e0832681fbc62b3f239d1c1a21e2",40,"White","Female"
"396",1658362171.31831,"74a6bb7d74b6f18db00ea2d70401adf5",71,"White","Male"
"397",1658362215.71605,"1883ce9c061eedaf846c3394f6f94840",28,"Black or African American","Male"
"398",1658362331.71347,"70b5a32a66e2b7f2e01d16501929a2ee",31,"Black or African American","Female"
"399",1658363741.63887,"b2540df79a1ca3176632b711481add1b",49,"White","Female"
"400",1658364245.65243,"a7fd72c5ca37b7523bca9e400f1ec69c",72,"White","Female"
"401",1658364381.43383,"cdd2458b05be7978bf58bde28b3bb01e",41,"White","Male"
"402",1658364477.5763,"69e7a46dbe8098b3b0505452ea20a761",65,"Black or African American","Female"
"403",1658364628.15401,"05836bfb8541a2c24855789804237d4b",39,"Black or African American","Male"
"404",1658364668.27069,"b3736259b736b764df98bfabef00aa62",55,"White","Male"
"405",1658364754.95695,"ea677d49b35e7ea99c6df0b596507ae0",39,"White","Female"
"406",1658364768.24701,"33b1188fe43d5f591fe51372809d802b",21,"Black or African American","Female"
"408",1658365143.40382,"04167de790b0d77a47e2ea92e2b7d62e",40,"White","Male"
"409",1658365287.13588,"c6d4a90c2207ff271a053ace8eb84c04",51,"White","Female"
"410",1658365313.2032,"d7789444179bdfbf5d5b6b0714c08a37",70,"Asian","Male"
"411",1658366062.18518,"cf0cb37cce68cf8b7eff114dd606150f",55,"White","Male"
"412",1658366255.73216,"0a595a6dbb9f109ef5bf3117ce0f77dd",65,"Black or African American","Male"
"413",1658366333.32016,"6fbe157422d15b1a3193f210ecccee77",40,"White","Female"
"414",1658366389.89938,"7e09b5bf331afd0db6100dfa6ddb4ab9",53,"White","Female"
"415",1658366481.84616,"b3936c137420529d5ca5bb418a2aa16b",69,"White","Male"
"416",1658367408.7538,"eb605490d6c8a9621d59f0610010ff45",52,"White","Female"
"417",1658367415.07367,"23e53370a7af9eb5da86cbcafb8424ea",40,"White","Male"
"418",1658367803.50383,"96f01fd713aaf49d2a9980b2cc5623a2",24,"Black or African American","Male"
"419",1658368007.85057,"98ebdcfd5c025308f739f77adb47d3d7",40,"White","Male"
"420",1658368080.32397,"ea19854bf7594d1750471bb338f8a792",63,"White","Female"
"421",1658368093.31792,"24e3144d81c4795e1fd0e7a30819bf8a",53,"White","Female"
"422",1658368163.10502,"2beac0bee7852723d7b151968749efe4",65,"Black or African American","Female"
"423",1658369720.64181,"fe9b3f108ba08c2c17dd0080fd0fb761",74,"White","Male"
"424",1658369833.7808,"6769fabf73a8a94fa9120a6685c21cd8",24,"Black or African American","Female"
"425",1658413248.68204,"c45f6643999d0cb272aad005b25f3ccd",32,"Black or African American","Female"
"426",1658413729.50304,"227b7829607e4ddf30f8936382804766",43,"White","Male"
"427",1658413868.46842,"f930fe42a530f29dffcbd9d5f0d96cf3",44,"Black or African American","Female"
"428",1658414185.58756,"109d94c71e61b439fc58f7de652218b8",44,"Asian","Female"
"429",1658414236.84428,"918065f0f601c4a1b56829c6b9692b77",45,"Black or African American","Male"
"430",1658414476.16055,"e0057178b1df226ac606a3cc7454792e",40,"White","Female"
"431",1658414568.11419,"3803ecabd0ee2e0e590f8c55141fa4ad",39,"White","Male"
"432",1658414609.61192,"1bcb17391a24cfdbd289505dcc06db94",29,"Black or African American","Male"
"433",1658414703.24854,"4e4b6f258bb2a8da6391b4f61fae779f",66,"White","Female"
"434",1658414751.43011,"549d3453a9b54d388e3e5297b67ea283",22,"Black or African American, Hispanic","Female"
"435",1658420920.54316,"ca0e56c91ffe422b3627ef4c4cf1bfbf",NA,"Black or African American","Female"
"436",1658421756.49274,"77ba04cc82ca87e635d649811eb33112",NA,"White","Male"
"438",1658422360.01147,"36fc32542980eee38e5fbd8cc5915f56",54,"Black or African American","Female"
"439",1658422727.83525,"0079a03983c345457dd6fbe059ac7867",52,"White","Female"
"440",1658422744.50373,"7f81e1a78095065794fce1c49b67519c",62,"White","Female"
"441",1658422921.38705,"0f6c7cfcdb50887be08306d68be20d8b",39,"White","Female"
"442",1658422941.36196,"6c40a1101ecd9e4c0028d9240068ad0f",38,"White","Male"
"443",1658422950.79598,"5a1de4b3091407df7acde6773dea6ee0",20,"Black or African American","Male"
"444",1658423830.75004,"c2081654665b60932207e0d89d40170c",59,"White","Female"
"445",1658424014.84727,"7a06e72c1e21751dab101698916b3765",72,"White","Male"
"446",1658424097.5166,"e2664b57cf69079c83d6e84b4fa810fa",NA,"White","Male"
"447",1658424181.06713,"042a59f326415c8f99efe15bb4a82c7a",59,"Black or African American","Male"
"448",1658424327.88261,"46e553fef0c32bd89e643f50ad148534",40,"White","Female"
"449",1658424401.48127,"6e114cd6471c902fefe4290d171801ee",31,"Black or African American","Female"
"450",1658424921.47657,"1e483e0d07120f13d1474edcdd11cbdf",68,"White","Female"
"451",1658424932.36661,"cef024949ebc0a62e378a39a0c00c854",56,"Asian","Male"
"452",1658425489.27386,"c0232ce0094ad76b154caa4df6267915",NA,"White","Male"
"453",1658425562.63705,"e91e81fdd8a639eb4ec7c83ff4822b69",51,"White","Female"
"454",1658426049.78468,"9f56034474823b361396892581fe1b2d",45,"White","Male"
"455",1658426458.96683,"adb2f133c0503d0502c29bd0cf6a6974",38,"White","Male"
"456",1658426486.71529,"948fd0da8d553bfa790adc230a2697a1",20,"Black or African American","Male"
"457",1658426511.7174,"c43757dc660d6d2fd3db0cf9a37eabad",26,"Black or African American","Male"
"458",1658426576.83325,"79f56cc07d7d04a44156e0430159e7f5",61,"White","Female"
"459",1658426719.76778,"6c539a19eb6b6c92a43a662e0cff84e3",42,"White","Female"
"460",1658426795.40884,"328100dc6eb76c964004c9fdb00b76bb",43,"White","Male"
"461",1658426804.4648,"2b003d69546e3c6e7a4c60655ba7f34f",82,"White","Female"
"462",1658427741.04058,"b0d90bb14f80246884413a1f1bb4d7cd",NA,"White","Male"
"463",1658427787.06422,"ebc0e649dbb327b4084f74adba6d8477",37,"White","Female"
"464",1658427898.01672,"19a5fd5e5db6a5c0a5e6070911b976e5",38,"White","Female"
"465",1658428008.66527,"dd377d054b9b289c675ee344167879a7",63,"Black or African American","Female"
"467",1658428379.59935,"8040c8fd42bbc4e43b48d7111df13134",41,"White","Male"
"468",1658428602.29222,"acc14a0b90f2960a918d36c168cdf232",63,"White","Male"
"469",1658429170.1673,"83d2b8ced3b5479db3dce4b258c17c1e",53,"White, Black or African American","Male"
"470",1658430164.02744,"7a0d1baaca79b9c4f29b57763e27b93c",NA,"White","Female"
"471",1658430211.84893,"e431e7b089a6d3e6ea72dcf3bb756270",45,"White","Female"
"472",1658430214.72943,"a75e6b8a8069d4f7f0b42cc10eaf5b51",67,"White","Male"
"473",1658430501.2546,"7cee949d58edef8266d2ef9662c30d60",44,"White","Female"
"474",1658430644.11754,"b236cbcdcb76ba4d17e3c217150d8bd6",42,"White","Male"
"476",1658430728.85087,"25d2e7ecf174bb5b6255b9532f8c919f",NA,"Black or African American, American Indian or Alaska Native","Male"
"478",1658431488.23167,"25d2e7ecf174bb5b6255b9532f8c919f",NA,"Black or African American, American Indian or Alaska Native","Male"
"480",1658431724.93903,"a33b5a14a49a37b5838a882043a085ee",58,"White","Female"
"481",1658431838.99121,"59a3a7156a994b7c03b91ba0c1b30c88",63,"White","Female"
"482",1658432019.48397,"20cbc3a9f6db44351d8820206a4a1a63",77,"White","Male"
"483",1658432046.81266,"0b35f28e330e1054412f40c666e9ee61",NA,"White","Male"
"484",1658432077.72485,"b5c29bb0677c76dc2f8282bf144483a5",38,"White","Male"
"485",1658432348.96047,"b133ad2c1124dee067766343ad1571a7",49,"White","Female"
"486",1658433137.9329,"ef0c3bb0d488f9ccce7eecfb078bc810",NA,"White","Male"
"487",1658433663.78821,"f6fea1c44a378063a9e955a5a81b1405",66,"White","Female"
"488",1658433693.60825,"942d5d4830dd178de58b66c323ff536b",35,"White","Male"
"489",1658434121.42943,"ced3792f761123b48c81d1f2743d7001",63,"White","Female"
"490",1658434234.59156,"643ba36ca3d621ab78beed3ce225534f",66,"White","Male"
"491",1658434266.87226,"3328c9dbf6a533e80d0cb91b616fca76",61,"White","Male"
"492",1658434301.5414,"14a7325addab3e4b7be688390f34b096",40,"White","Male"
"493",1658434386.69972,"0bdfc0ad1a8312d7428be50fa5df8304",75,"White","Male"
"494",1658435305.82054,"4ad343943d6ad7e90e6ccae409368d0c",57,"White","Male"
"495",1658435381.6843,"fdb6b672f8f5ef8784328657c5cd1360",NA,"White","Female"
"496",1658435565.33389,"09209857d2d7ba273311b63a2c584fbe",39,"White","Male"
"497",1658435730.34182,"5e598753907d871d910734dec7c868f5",53,"White","Male"
"498",1658435753.43764,"1366cd487d20d6e173f3839be0535075",NA,"Asian","Female"
"499",1658435911.48938,"f8eb8e4ae0515618744b24ec3a7eb2ec",38,"Asian","Male"
"500",1658436045.78429,"6cccd13b1284bb8623b60f342cc28243",50,"Black or African American","Female"
"501",1658436146.80172,"22d86957686c23247dfb4f0a69dfa2a7",52,"White","Female"
"503",1658436681.77917,"22d86957686c23247dfb4f0a69dfa2a7",52,"White","Female"
"506",1658437376.93773,"edc714c10a8ad092725787dddbaa3134",59,"White","Female"
"507",1658437532.26419,"cfc905ed09eeef16adc2f4601e80198d",61,"White","Female"
"508",1658437665.61818,"261d4634625e75278de7c56f1e1ccad1",57,"White","Female"
"509",1658437876.81722,"37adb7ef2862638d64216dcb7e7c52ab",61,"White","Female"
"510",1658437909.87997,"35a8f87fac28310ad9bc08f74eec5eb8",74,"White","Female"
"511",1658444892.95972,"76ba749275f76cc280695a17568360e9",55,"White","Male"
"512",1658446642.05038,"fce7022bfa98149f92de883f15e7e560",64,"White, Hispanic","Male"
"513",1658447064.92306,"56571c07da22c0dc3cde798bb9159a75",55,"White","Female"
"514",1658448092.272,"2f98bb597f67f71883894a8e7c480dc2",56,"White","Female"
"515",1658448092.6233,"d6b387f53f686f2827d014d0ffb8aaa5",55,"White","Female"
"516",1658448154.63107,"c60babd73018c2a691429f931d5940ad",65,"White","Male"
"517",1658449001.49535,"7df49031fe2a94ab7fa502390dbc9275",49,"White","Female"
"518",1658449175.20647,"3aedbba3dfda70a5824a904d25c87e40",64,"White","Female"
"520",1658449886.1137,"77e695720f54ae0c80178d1a6195cba2",45,"White","Female"
"521",1658449937.20712,"6e8ecc0b77d1d0ef4a522978d51c2a71",51,"White","Male"
"522",1658449964.19155,"82500a55004489a3d52bc71438aef158",74,"Black or African American","Female"
"523",1658449989.69187,"10cdfe349a3d273c7c96341361f51584",50,"White","Female"
"524",1658449997.05108,"d74ee24dfa92ac12180fbd84ad9247fc",66,"White","Male"
"525",1658450040.64112,"b8c987c8ae4d00fe0b2a778427ffde19",51,"White","Male"
"526",1658450121.83402,"bf263f841d002a08e80ea2d5fb0148fd",66,"White","Male"
"527",1658450240.44679,"4d85250c3ed0ee0054d802c35b1482c1",62,"White","Male"
"528",1658450276.39009,"4169b9d6d833038376d04b11f1d41f3f",49,"White","Female"
"529",1658451130.06159,"d51fa91a51641b41f6208f0c8ef177b5",60,"White","Female"
"530",1658451143.74994,"b32867041d9c0b8d5a2102b45b2cf89f",55,"White","Male"
"531",1658451216.90259,"ae9403fe6cee0c9dc881cc4a0c78822e",82,"White","Female"
"532",1658451247.87783,"e6b0ccba7cd8bd0ecea8089dda22a497",57,"White","Female"
"533",1658451330.93997,"551e5e36d214f65b7c037f8f8c6a74b6",50,"White","Female"
"534",1658451395.30975,"ed4ac22efeb1b2324e8e1ba9d946420b",66,"White","Female"
"535",1658451419.05593,"0390cc121765908e3d3c783c839e2d3c",54,"White","Female"
"536",1658451427.05412,"ba192f4c78c376f54e0308151e01d516",58,"White","Female"
"537",1658451825.81359,"351b269894de0f4c883c956fdd085be0",62,"White","Male"
"538",1658452704.71936,"6831cd2c76e82038a34155d775852e96",56,"White","Male"
"539",1658453424.95562,"5bc17a0c61741c76fafaddbcf9c7eb27",19,"Black or African American","Female"
"540",1658453960.29831,"65a8d1578f8cec0d7090e0c3e6a0f851",66,"Black or African American","Female"
"541",1658453993.90202,"86073bfa8fcfb76eccfa4e2cbaac1e89",61,"White","Male"
"543",1658454205.27797,"749b39234afb2c20b89340a2e17a430f",70,"White","Female"
"544",1658454351.87899,"e5420b821f9da57d996cfc7068767ab0",63,"Asian","Female"
"545",1658454402.78869,"e6dd45b43c42bfe4ae124cca7cd33084",40,"Black or African American","Female"
"546",1658454429.21204,"0d8fbc1be4a84bcacfa773f42d2dde91",57,"White","Female"
"547",1658454432.35896,"f34c914628b12919845efa954ec8b453",64,"White","Male"
"548",1658454531.0848,"5700a328aa7fe754c1f839a57380897a",49,"Black or African American","Female"
"549",1658454999.00247,"17fe05c1bd78b2f4c8ad320213aceb54",54,"White","Female"
"550",1658455417.96362,"01182c1092606a0b9efd8289307c3a8a",60,"White","Female"
"551",1658455490.06417,"840dbdfdb8a3c31e54e8ac22ac750558",59,"White","Male"
"552",1658455546.58871,"059eca10dc77707752ccfd649744c9a0",56,"White","Male"
"553",1658456482.23901,"6281c97d9d5b3685bc7b4e224a90a0fa",62,"White","Female"
"554",1658456704.19386,"df78787f4fd7a58d3e7b1e1339a6c9ff",63,"White","Female"
"556",1658456774.08176,"a6756e7d06516c7c96716bfa4b3fac86",69,"White","Female"
"557",1658456899.11234,"2dca41629ca5ad559eb63e46ab3c2ce4",50,"White","Male"
"558",1658456941.4393,"0c9d0f09dd78005bb595f11edc8ca22d",59,"White","Female"
"560",1658456944.06011,"9c87295e45c8414dcd2acc5a714a2e7e",60,"White","Male"
"561",1658456957.47514,"e22c64e62186f1e58d11ebc58beb25bd",52,"White","Male"
"562",1658456965.86666,"9ba05a0a9ebda4d58a5c7aa37e9eefb9",53,"White","Male"
"563",1658457399.70432,"2a318b763be29ae40e0716d61a6c3453",42,"Black or African American","Female"
"564",1658457516.0813,"0c9d0f09dd78005bb595f11edc8ca22d",59,"White","Female"
"566",1658458260.06672,"671561fea0ada317af0450b3220639a9",64,"White","Female"
"567",1658458332.58765,"64fc6fcd9b023d31f5f979319b46970c",41,"Asian","Male"
"568",1658458356.59536,"57bc688eda193d5c0d9f471986261804",42,"Black or African American","Female"
"569",1658458365.53482,"9dd5536029eff4c129493bf323db83eb",41,"Asian","Female"
"570",1658458388.56677,"89ab093c38a13df7edc92cec1c966a51",55,"White","Male"
"571",1658459564.47812,"b66276bc52389e096d349711303a2e63",57,"Black or African American","Female"
"572",1658459764.12425,"7246eca078ba76db07469c1b9655cec5",57,"White","Male"
"574",1658459814.74115,"356383801cae391b744abdcea125464b",66,"White","Male"
"575",1658460222.05196,"d8334fb62868ea8cd814146094ae81e9",54,"White","Male"
"576",1658460250.44289,"0d8309c290b382d23c2cc3b1a847ea57",40,"Black or African American","Male"
"577",1658460251.00038,"a16e6be029f3559f43731c8b2f1db1c4",40,"Black or African American","Male"
"578",1658460295.84485,"16451388544ef213992232c4ba425043",NA,"White, American Indian or Alaska Native, Asian","Male"
"579",1658460458.32429,"ab5ba945f839d9f810580f0f1f114a6b",59,"White","Female"
"580",1658460980.16011,"7246eca078ba76db07469c1b9655cec5",57,"White","Male"
"582",1658461612.29619,"6fab94e39f0b89bc49e67e5d7e84a2dd",49,"White","Male"
"583",1658491829.89685,"d6ff0a1fe3d71d2bb7b168a882c3a603",61,"White","Male"
"584",1658492656.44735,"cc83891bb65923f793ddd60619bd9ca2",60,"White","Male"
"585",1658492688.55249,"2381d269129fdb4371758a63adc99643",75,"White","Male"
"586",1658492732.42386,"20b332c5b5694a962d5639ea90ae5c1f",63,"White","Female"
"587",1658495178.97039,"05c80141384f8be73a3c2e8e62689113",NA,"White","Male"
"588",1658495195.79964,"ded07e81acb8d7c4193bd85a50df50df",48,"White","Male"
"589",1658495238.48616,"f469a2226cbd63045caf9ffba1ee0c26",56,"Black or African American","Male"
"590",1658496249.08997,"d6780191be54690698ef59857b887e24",65,"White","Female"
"591",1658496294.7443,"a993a873cb9e3f12661abe99da16c5b6",NA,"White","Female"
"592",1658496487.41591,"e9e701e772f81162a3f5222233f918c1",59,"White","Female"
"593",1658496600.77564,"29bc462f27887bfbfab58ddd050509ce",58,"White","Male"
"594",1658496922.2455,"155750d78866769965eed9565c1498b6",57,"White","Male"
"595",1658496956.9872,"98a17393498f303d180e655725a1832e",66,"White","Female"
"596",1658497062.41716,"82622f49037da1d19d50771e3b3446a5",67,"Black or African American","Female"
"597",1658497148.46894,"30fe9a3d66e6cbd2433c3f3d07ae4e54",51,"Asian","Male"
"598",1658497303.17638,"a91a2d2771c7e892fa2919f112e93f4d",45,"Black or African American","Male"
"599",1658497922.24058,"507fb294422a389bb32cf9dfd47c456d",65,"White","Female"
"600",1658498043.12266,"d78d38e3f3a1c6e4900eedb55a572dc4",60,"White","Female"
"601",1658498161.56066,"adbc62802586ace8174f253b06837b3d",75,"White","Female"
"602",1658498261.60244,"fe563152bec862ff48cf3176f50dd04d",NA,"White","Male"
"603",1658498348.70929,"a61dc6732910e5a37b4cbc1a0764bad7",62,"White","Male"
"604",1658498527.94781,"6371bd269da05eda4b723e86d77ca1e0",57,"Black or African American","Female"
"605",1658498536.99709,"0d5dcfba457e3b2fa9c4e940775ecc8f",67,"White","Male"
"606",1658498639.0204,"de96197dc99366e76f3f912d49601922",59,"White","Female"
"607",1658498756.76238,"439215bc0a5ba9b1a6bb39a95aafd641",NA,"White","Male"
"608",1658499715.1128,"d0363d932439571fb453bf7dfabdf041",54,"White","Male"
"609",1658502116.98772,"6574f4ff45ed8db5db8bfe0cd23af48d",NA,"White","Male"
"610",1658503028.45115,"17d59b1d2e740d520708e5e67ac072a1",60,"White","Female"
"611",1658503056.1586,"b568b8d92b3aaebe73c8f8a8c30efcb1",58,"Black or African American","Female"
"612",1658503134.62106,"9280196b9a7a1359cc3924a943effe51",60,"White","Male"
"613",1658503135.22558,"08ad2941c8432cd83ee76ce8a0e74adc",38,"Black or African American","Female"
"614",1658503386.63305,"483536469ea3d3c0b5d21c7d5be7f1ea",57,"Hispanic","Male"
"615",1658503499.52858,"3327c0e2f30ff852121f737961ea0bef",49,"White","Male"
"616",1658503511.79744,"56112816c5228f8cb01d1a430557bfe8",59,"White","Female"
"617",1658503526.30971,"3327c0e2f30ff852121f737961ea0bef",49,"White","Male"
"618",1658503735.86763,"724e46d3d215273648a0aebcba9cce91",58,"White","Female"
"619",1658503780.49282,"5f1ab46b9b2cdfd4bd8086e0d274233b",73,"White","Male"
"622",1658503783.32601,"af2b5d4a58c47279334aaa5c2b4fe9c0",57,"White","Male"
"623",1658503815.3683,"ee20c64868f60e6042fea79b418bdfd8",NA,"White","Male"
"624",1658505660.45126,"bac388e333221e35eb6f3d412b7be998",79,"White","Male"
"625",1658505687.63098,"4e61a98a375c6363579439f516f0be2c",NA,"Black or African American","Female"
"626",1658505888.45945,"ed1994798b64760bce557e099345e695",60,"White","Female"
"627",1658506304.21264,"2a6709ab950c1fec6d8e2d33357af9f2",69,"White","Female"
"628",1658506511.74951,"b73a185cac481c39ad706036f9299875",60,"White, Hispanic","Female"
"629",1658506645.50285,"5f1ab46b9b2cdfd4bd8086e0d274233b",73,"White","Male"
"632",1658506653.86443,"733dac61e474a4a5696e0e1e22d826b3",60,"White","Male"
"633",1658506748.93275,"58a8dde8c670f7fea4879fd0096294af",65,"White","Female"
"634",1658506899.97511,"e5b2e5f6ebd39de191834efa6e8be076",64,"White","Female"
"635",1658506905.67031,"5f1ab46b9b2cdfd4bd8086e0d274233b",73,"White","Male"
"638",1658507222.50449,"f4f1ddde91d544c62eb437cbd7b90422",63,"White","Female"
"639",1658507246.59104,"5de02385d7df2e7bd50d9972b34b0c76",64,"White","Female"
"641",1658507322.82223,"f54bef3ad5891dbdb0795c8e88e13900",49,"Black or African American","Male"
"642",1658507436.51561,"b31df15aecf29f8ad7d89f7ea276422a",75,"White","Female"
"643",1658507456.75488,"4022b4db295767a148fea483557dde58",75,"White","Female"
"644",1658507457.89221,"d1e6894ea1c4a0f2074da720b3f1335c",60,"White","Male"
"645",1658507659.30909,"2e646921da3187e238871945c36f8a6e",52,"White","Male"
"646",1658507834.8762,"5de02385d7df2e7bd50d9972b34b0c76",64,"White","Female"
"648",1658508877.06794,"a20e9fc95ec2e2b5968454089f45a28e",63,"White","Male"
"649",1658509130.60162,"7715e1ad8e4f745c0fb5ed3eaafd468b",58,"Black or African American","Female"
"650",1658509159.16107,"cce78191d8ded3c40211fa361f240262",63,"Other","Female"
"651",1658509304.25704,"1daaa1a682cf02fa59e956d6a8e6b320",58,"White","Female"
"652",1658509384.88904,"1c646cfab9783ed482f06657b53668c4",69,"White","Male"
"653",1658511269.51611,"70e586407a62f5ce7094965aa64e8a3f",76,"White","Male"
"654",1658511390.53108,"7d2875ba1e93c295508427b0c91e6986",47,"White","Male"
"655",1658511407.19926,"fbfad3939d3345741773add61f8e17b1",48,"Black or African American","Male"
"657",1658511503.9646,"ce4400703c11fcc818f18906f62b3ff5",49,"Black or African American","Male"
"658",1658511540.53576,"f94741446765011cadeec876efee2565",60,"White","Male"
"659",1658511588.65188,"e991e9335649dfffc920f9b0de2df08a",NA,"White","Male"
"660",1658511726.36989,"2bfe254aa5051a3f13632ab4b60ccde8",62,"White","Male"
"663",1658511839.38227,"ac1f5d61e302fee387039f82b6f2eced",84,"White","Male"
"666",1658513249.04889,"bd4ea3097b67813927d61994bba4b03b",NA,"White","Male"
"667",1658513425.86405,"186c0812b3498c22be253df2bafd3d46",58,"White","Male"
"668",1658513602.65928,"a70a12952ac41194fce1a51c19b4a429",76,"White","Male"
"669",1658513644.98435,"09a870e5c03fa9a5d293810428deaa12",63,"Asian","Male"
"670",1658513661.40052,"28f354ca19553ea4d5a6de675deaea61",63,"White, American Indian or Alaska Native","Male"
"671",1658513957.20283,"529622fd7515e57c2f3729f8f0f18945",65,"White","Male"
"672",1658513958.35415,"a49fb69f4d3a6199275d7767d4b63679",NA,"White","Male"
"673",1658514127.4805,"fa9ec9f067dac9b029efee80da59eeb1",NA,"White","Male"
"674",1658514208.39483,"3ada2c10d2bbfac902bc522ef2680cfe",64,"White","Male"
"675",1658514218.06043,"412f458ebd3abfdbfa3a33d8c84d7e77",65,"White","Male"
"677",1658514273.91048,"9e8a30769cb32650014a836ecaad2c02",57,"Asian","Female"
"679",1658514395.81235,"0fa4f6a0911e58d2dc50b9ba5afe020e",59,"White","Male"
"680",1658514701.5994,"9e8a30769cb32650014a836ecaad2c02",57,"Asian","Female"
"682",1658515842.84343,"52bb106e9aad802212ff017ab6a74181",65,"White","Male"
"683",1658515945.84367,"519227721e71f36e0a1900c1f814baf4",62,"Other","Male"
"684",1658516443.72473,"a2920a33e1b08548957d650beb901d58",66,"White","Male"
"685",1658516514.82335,"38bd9c63e246f51ece7836badd162d1c",67,"White","Male"
"688",1658516590.1571,"6dd80a1677e62ad65f8a1c51a77b0141",NA,"Black or African American","Female"
"689",1658516875.85654,"412f458ebd3abfdbfa3a33d8c84d7e77",65,"White","Male"
"691",1658517005.33947,"38bd9c63e246f51ece7836badd162d1c",67,"White","Male"
"694",1658517161.10974,"205ab3a227ecd77c79c8510e7e09d5ad",66,"White","Male"
"695",1658517294.54457,"8ba58186e63fe71a9422c2aa3a83fd54",48,"Asian","Female"
"696",1658517401.0324,"f5793352b9e951240b8b935951d8d747",62,"White","Male"
"697",1658517405.18343,"0fb42079a27ec9954660996e8fdb27d6",57,"Asian","Female"
"698",1658517612.44823,"5bb99e089961c53efe425ddbec2a011a",79,"White","Male"
"699",1658517630.5898,"277a9ab7d718d7a90b1ba0aa25a8d4bd",71,"Black or African American","Female"
"700",1658517662.56137,"38bd9c63e246f51ece7836badd162d1c",67,"White","Male"
"703",1658517933.88702,"71a75d30c4fedab776b18004336cb89e",NA,"Asian","Female"
"704",1658520633.67503,"a79ca0584d1b5c49639a9f8da592cc0b",65,"Black or African American","Female"
"705",1658522932.54006,"90431a1268261c057bf6d5f21191331b",49,"Hispanic","Female"
"706",1658630725.39394,"e65fa147bf9f1df88b79a695f23c75be",29,"Black or African American","Male"
"707",1658635172.20645,"24ae81079d1da3d12e3ee343545a1aa9",33,"Asian","Female"
"708",1658636349.59458,"49a266a13c4744fc68257000312f140e",20,"Asian","Female"
